login,status
MateusAndraste,rejected
coucoucmoaa,rejected
pmaciel,rejected
Vasilis-christopoulos,rejected
JustJeckill,rejected
YasinMemon,rejected
yakhras,rejected
janfh,rejected
swapnil-tayal,rejected
alecc427,rejected
ValeriyDavidov,rejected
VolertX,rejected
Frustyxx,rejected
Dom-C-Hallam,rejected
plumeihrz,rejected
youngconnorr,accepted
NLugner2025,rejected
KyryloSneg,rejected
Oscarj-jqt,rejected
dbaxter-cohere,rejected
84000-admin,rejected
xen3exe-coder,rejected
thibautbenjamin,accepted
ohhmm,rejected
grafov,rejected
Mahad-10,rejected
Szymon-Stefanski,rejected
IcyTide,rejected
alifta,rejected
sjfleming,rejected
PhoenixVRN,rejected
nikitaghu1,rejected
nlclark216,rejected
SubhamKumarSadhukhan,rejected
eva6077,rejected
uosq,rejected
ADSKerOffical,rejected
LuizBarel,rejected
BriannaMcLaurin,rejected
Jasong237,rejected
ZYusufov1,rejected
bsutton,rejected
drnp,rejected
max-cx,rejected
btechbradyl2026,rejected
1403-Phong,rejected
Vinayak-nano,rejected
spquadir,rejected
LuizArtur29,rejected
ATaylor77,rejected
rzane,rejected
jerem0010,rejected
michelangelo-valderrama,rejected
rafaell-mns,accepted
SHENG22102,rejected
zorancv,rejected
djtwdix,rejected
RebornBeat,rejected
Ryuyena0305,rejected
Server-Fox,rejected
Komalsohail,rejected
qjh999,rejected
gowthamthibhu,rejected
tikle-cap,rejected
Igigog,accepted
Camille-Mlkv,rejected
zafeerwains,rejected
MaxDevcic,rejected
The-Dev-Sumit,rejected
wongislandd,rejected
santerr80,rejected
mvakili-compad,rejected
fresonn,rejected
Eldies,accepted
mauro014,accepted
harshleet,accepted
revgen,accepted
Mahmoud-Magd,rejected
nichyow,rejected
libuk,accepted
mtesauro,rejected
pardunmeplz,rejected
Son-ngtr,rejected
RaphaelSouzaFranco,rejected
Jamjam1234927,rejected
konica29,rejected
cwoolcott,rejected
BooferBTW,rejected
Sushnata1,rejected
jayjayleung,rejected
UoAsakura,rejected
MK1104,rejected
wzh234,rejected
starstrime,rejected
iyastreb,rejected
AriSevcik,accepted
Vignesh-valarmadhy,rejected
ElsaLecureux,rejected
A-Rossi-almaviva-it,rejected
FancyTheLion,rejected
BigTimeSam,rejected
javierdlrm,rejected
Dkdunand,rejected
abhishekrch,rejected
ChichiA1,rejected
sydinh,rejected
dnotes,rejected
OlegGorj,rejected
Mddct,rejected
saim-alam1,rejected
Gauri-27,rejected
mklemmingen,accepted
ajaynadig,rejected
Cowhisper,rejected
antwolfe1,rejected
Sourabhkm7,rejected
IhorSF,rejected
kamranahmedse,rejected
michael-fuest,rejected
wendao-liu,rejected
hongwontae,accepted
dipak-tech-aher,rejected
Code-Smith-Craft,rejected
curatorsigma,rejected
artem-barysh-dev,rejected
Manuel254-eng,rejected
DevMon724,rejected
sekar3s,rejected
lockshaw,rejected
KimYoungJae0125,rejected
naveenthe9,rejected
WenyXu,rejected
rbrock44,accepted
uttammane1,rejected
d1sd41n,rejected
matt335672,accepted
Daniil-oper,rejected
KludyRamirez,rejected
Circout-sudo,accepted
cmil,rejected
oaklandflyer,rejected
DBlankvoort,rejected
Andrii-Osipov,rejected
shashank-mahalle,accepted
steveluc,rejected
bensteUEM,accepted
Klaxxon43,rejected
Hwanji2,rejected
gompasandeep,rejected
Remoh210,rejected
clauyan,rejected
ZRMYDYCG,rejected
amaccarini,accepted
SelenaAnya,rejected
gio256,rejected
GaganSingh2,rejected
RickWangPerth,rejected
KTStephano,rejected
AlessiaCondorcet,rejected
qbixmex,rejected
azime,rejected
TalKoren11,rejected
sprait,rejected
fischejo,rejected
abhinn05,rejected
marcorossiIT,rejected
Diegoo1802,rejected
superoo7,rejected
gopinathm01,rejected
armanrajib,rejected
VicLiger,rejected
JiriOndrusek,rejected
sophie-myk,rejected
vijaysrini-1982,rejected
Erika-Gimenez,rejected
borg42,rejected
ari-ramadhan,rejected
ucemR2p5w,rejected
derekngjk,rejected
zikniki,rejected
zer00d4y,rejected
HamInKyou,rejected
Ojieh94,rejected
litieniu,rejected
chavezbosquez,rejected
tushar0626,rejected
ringods,accepted
zachrog,rejected
mmont429,rejected
efficacy38,rejected
madebymilly,rejected
jscti,rejected
arshad-v,rejected
djgorra,accepted
shan-shuo,rejected
NguyenLeBaoNgan,rejected
mohitydv09,accepted
Siva-54,rejected
warrentdrew,rejected
Sakineee,rejected
GoodLuckJP,rejected
toufiqism,rejected
lgkgh,rejected
entitybtw,accepted
Haitao-H,rejected
schmidt73,rejected
shshaheen,rejected
St4r4x,rejected
zzz833708,rejected
jmoenig,accepted
Alfaizkhan,rejected
nickdesaulniers,rejected
mimirdevapp,rejected
wmorrisongit,rejected
eu-genia,rejected
Marabout2,rejected
nacyot,rejected
SuperFloch,rejected
Ninhnon,accepted
fabe3747,rejected
RiverD96,rejected
DavidNew-NOAA,rejected
khushipoonia,rejected
Cornel04,rejected
S4lvatoore,rejected
gongchenghhu,rejected
greggman,rejected
0b1kn00b,rejected
giselooo,rejected
JoePfeiffer,rejected
jkellogg01,rejected
fcamaraneto,rejected
davidtaylorhq,rejected
riky869,rejected
DeveloppeurPascal,accepted
OlesiaRui,rejected
adrian-salazar-klarrio,rejected
Anassm,rejected
Grace-suji,rejected
DimaProggramer,rejected
Python-Test-Engineer,accepted
Tector1125,rejected
sabanaibrahim,rejected
lisaleemcb,rejected
Caleb-Script,rejected
miguelbper,accepted
Phioria,accepted
SocratesCCMuquepe,rejected
SamuelThomas2,rejected
GivherLLC,rejected
GabrielBandeiraJunior,rejected
pushya22,rejected
VikDeer,rejected
CodeWithAdityaKumar,rejected
pablomaki,rejected
Rockman67,rejected
tomeczeklmaooo,accepted
MAmir20,rejected
outdreamer,rejected
din-ovita,rejected
sudhirjadhav18,rejected
brotherlouislouislouis,rejected
divantine,rejected
RuthwikShandilya,rejected
megabits87,rejected
kelvinmo,accepted
AeroerMak,rejected
tacototos,rejected
mzernova,rejected
Vitdcode,rejected
Coluno,rejected
farabeuf,rejected
laPhoenixRising,rejected
mina58,rejected
jadedragonette,rejected
paro318,rejected
kel85uk,rejected
itaifish,rejected
thodan,rejected
Shirozy,rejected
julesbrady,rejected
IslandRhythms,rejected
Heyyymen,rejected
DeploymentBot3000,rejected
JosephTLyons,rejected
andrieee44,rejected
YusufAAslan,rejected
azazellus,rejected
RubberDuckCollector,rejected
aisyahilma,rejected
zhangchenchen,rejected
dando92,rejected
prabeshbaral,rejected
polyakale,rejected
2020-JAUG,rejected
arTECRAD,rejected
alexfauquette,rejected
Scrag0,rejected
ArmanurRahman,rejected
larry-safran,accepted
shuishihan,rejected
DiegoFSV12,accepted
smtmfft,rejected
Felix-Cordero-Jr,rejected
Vijeth-V,rejected
Dema267,rejected
mchapple,rejected
capsat5,rejected
ranjithk0701,rejected
miltonrey,rejected
mergery[bot],rejected
silviroa,rejected
TanvirMain49,rejected
KOWX712,rejected
verammaz,accepted
Despiix,rejected
Yuu18id,rejected
Dukksa,rejected
muhamedbaqir,rejected
desturversion,rejected
AnubhavKotiyal1,rejected
Riseik,rejected
SilverBerserk,rejected
heythaoday,rejected
f4iey,rejected
TE23E-Benjamin-Norbelie,rejected
Sushant-S-13,rejected
stmontgomery,rejected
robertventura,accepted
pete420griff,rejected
mirjak,rejected
pufanyi,rejected
SJD23Dev,rejected
D0ntPanic,rejected
HyunJunCho00,rejected
mileskent,accepted
EmersonJr,rejected
hallucinati0n,rejected
micat001,rejected
Viva1-ua,rejected
Victriasoaress,rejected
filipeedensilva,accepted
architvasan,rejected
sob,rejected
DeepakPahawa,rejected
internot169,rejected
jason11501,accepted
naive-zhang,rejected
RhymLV,rejected
MatthijsVeldkamp,rejected
MajorH5,rejected
Ariumboro730Li,rejected
jenniferlianne,rejected
sauravRajput90,rejected
kennytilton,rejected
j-nary,accepted
josephdong1000,accepted
iamrealfarhanbd,rejected
lisagorewitdecker,accepted
thepablosantos,accepted
eoehen,rejected
GulshanMS,rejected
mazzacolussi,rejected
theHARI962n,rejected
moluelani-sbiz572024,rejected
OnurhanTALAN,rejected
CoraIite,rejected
persi05,rejected
tkirmizi,rejected
petr-nazarov,rejected
SemionV,rejected
PrabhatYadav123,rejected
HASSAN-AMIMOU,rejected
Elbujito,rejected
hooded-person,accepted
GitOmmex,rejected
Z2Z-GuGu,accepted
lukachi,accepted
ingferchorojas,rejected
grant2258,rejected
josebonilla9,rejected
Abhid1239,rejected
leeianlacorte,rejected
pgkrishna-301,rejected
takan003,accepted
kevemueller,rejected
nargesmn100,accepted
ShinichiShi,rejected
MarvinDomnick,rejected
bravekingzhang,rejected
DanielDragan4,rejected
tuychiyev31,rejected
sidcr7-likeminds,rejected
notify-pr-bot[bot],rejected
MariusStorhaug,accepted
MishaMazniak,rejected
tikkwi,rejected
Bambusbjoern,rejected
novavovikov,rejected
GaneshInduri9,rejected
